concern,Date event,RDFType,creator,description,created,pestname
http://www.phenome-fppn.fr/diaphen/2017/o17000046,2017-09-08T12:00:00+01:00,http://www.phenome-fppn.fr/vocabulary/2018/oeev#PestAttack,rchapuis,Ustilago maydis infection,2017-09-15T12:00:00+01:00,http://aims.fao.org/aos/agrovoc/c_34724
http://www.phenome-fppn.fr/diaphen/2017/o17000060,2017-09-08T12:00:00+01:00,http://www.phenome-fppn.fr/vocabulary/2018/oeev#PestAttack,rchapuis,Ustilago maydis infection,2017-09-15T12:00:00+01:00,http://aims.fao.org/aos/agrovoc/c_34724
http://www.phenome-fppn.fr/diaphen/2017/o17000062,2017-09-08T12:00:00+01:00,http://www.phenome-fppn.fr/vocabulary/2018/oeev#PestAttack,rchapuis,Ustilago maydis infection,2017-09-15T12:00:00+01:00,http://aims.fao.org/aos/agrovoc/c_34724
http://www.phenome-fppn.fr/diaphen/2017/o17000068,2017-09-08T12:00:00+01:00,http://www.phenome-fppn.fr/vocabulary/2018/oeev#PestAttack,rchapuis,Ustilago maydis infection,2017-09-15T12:00:00+01:00,http://aims.fao.org/aos/agrovoc/c_34724
http://www.phenome-fppn.fr/diaphen/2017/o17000072,2017-09-08T12:00:00+01:00,http://www.phenome-fppn.fr/vocabulary/2018/oeev#PestAttack,rchapuis,Ustilago maydis infection,2017-09-15T12:00:00+01:00,http://aims.fao.org/aos/agrovoc/c_34724
http://www.phenome-fppn.fr/diaphen/2017/o17000122,2017-09-08T12:00:00+01:00,http://www.phenome-fppn.fr/vocabulary/2018/oeev#PestAttack,rchapuis,Ustilago maydis infection,2017-09-15T12:00:00+01:00,http://aims.fao.org/aos/agrovoc/c_34724
http://www.phenome-fppn.fr/diaphen/2017/o17000124,2017-09-08T12:00:00+01:00,http://www.phenome-fppn.fr/vocabulary/2018/oeev#PestAttack,rchapuis,Ustilago maydis infection,2017-09-15T12:00:00+01:00,http://aims.fao.org/aos/agrovoc/c_34724
http://www.phenome-fppn.fr/diaphen/2017/o17000186,2017-09-08T12:00:00+01:00,http://www.phenome-fppn.fr/vocabulary/2018/oeev#PestAttack,rchapuis,Ustilago maydis infection,2017-09-15T12:00:00+01:00,http://aims.fao.org/aos/agrovoc/c_34724
http://www.phenome-fppn.fr/diaphen/2017/o17000217,2017-09-08T12:00:00+01:00,http://www.phenome-fppn.fr/vocabulary/2018/oeev#PestAttack,rchapuis,Ustilago maydis infection,2017-09-15T12:00:00+01:00,http://aims.fao.org/aos/agrovoc/c_34724
http://www.phenome-fppn.fr/diaphen/2017/o17000248,2017-09-08T12:00:00+01:00,http://www.phenome-fppn.fr/vocabulary/2018/oeev#PestAttack,rchapuis,Ustilago maydis infection,2017-09-15T12:00:00+01:00,http://aims.fao.org/aos/agrovoc/c_34724
http://www.phenome-fppn.fr/diaphen/2017/o17000250,2017-09-08T12:00:00+01:00,http://www.phenome-fppn.fr/vocabulary/2018/oeev#PestAttack,rchapuis,Ustilago maydis infection,2017-09-15T12:00:00+01:00,http://aims.fao.org/aos/agrovoc/c_34724
http://www.phenome-fppn.fr/diaphen/2017/o17000255,2017-09-08T12:00:00+01:00,http://www.phenome-fppn.fr/vocabulary/2018/oeev#PestAttack,rchapuis,Ustilago maydis infection,2017-09-15T12:00:00+01:00,http://aims.fao.org/aos/agrovoc/c_34724
http://www.phenome-fppn.fr/diaphen/2017/o17000317,2017-09-08T12:00:00+01:00,http://www.phenome-fppn.fr/vocabulary/2018/oeev#PestAttack,rchapuis,Ustilago maydis infection,2017-09-15T12:00:00+01:00,http://aims.fao.org/aos/agrovoc/c_34724
http://www.phenome-fppn.fr/diaphen/2017/o17000321,2017-09-08T12:00:00+01:00,http://www.phenome-fppn.fr/vocabulary/2018/oeev#PestAttack,rchapuis,Ustilago maydis infection,2017-09-15T12:00:00+01:00,http://aims.fao.org/aos/agrovoc/c_34724
http://www.phenome-fppn.fr/diaphen/2017/o17000323,2017-09-08T12:00:00+01:00,http://www.phenome-fppn.fr/vocabulary/2018/oeev#PestAttack,rchapuis,Ustilago maydis infection,2017-09-15T12:00:00+01:00,http://aims.fao.org/aos/agrovoc/c_34724
http://www.phenome-fppn.fr/diaphen/2017/o17000338,2017-09-11T12:00:00+01:00,http://www.phenome-fppn.fr/vocabulary/2018/oeev#PestAttack,rchapuis,Ustilago maydis infection,2017-09-18T12:00:00+01:00,http://aims.fao.org/aos/agrovoc/c_34724
http://www.phenome-fppn.fr/diaphen/2017/o17000339,2017-09-11T12:00:00+01:00,http://www.phenome-fppn.fr/vocabulary/2018/oeev#PestAttack,rchapuis,Ustilago maydis infection,2017-09-18T12:00:00+01:00,http://aims.fao.org/aos/agrovoc/c_34724
http://www.phenome-fppn.fr/diaphen/2017/o17000340,2017-09-11T12:00:00+01:00,http://www.phenome-fppn.fr/vocabulary/2018/oeev#PestAttack,rchapuis,Ustilago maydis infection,2017-09-18T12:00:00+01:00,http://aims.fao.org/aos/agrovoc/c_34724
http://www.phenome-fppn.fr/diaphen/2017/o17000348,2017-09-11T12:00:00+01:00,http://www.phenome-fppn.fr/vocabulary/2018/oeev#PestAttack,rchapuis,Ustilago maydis infection,2017-09-18T12:00:00+01:00,http://aims.fao.org/aos/agrovoc/c_34724
http://www.phenome-fppn.fr/diaphen/2017/o17000349,2017-09-11T12:00:00+01:00,http://www.phenome-fppn.fr/vocabulary/2018/oeev#PestAttack,rchapuis,Ustilago maydis infection,2017-09-18T12:00:00+01:00,http://aims.fao.org/aos/agrovoc/c_34724
http://www.phenome-fppn.fr/diaphen/2017/o17000351,2017-09-11T12:00:00+01:00,http://www.phenome-fppn.fr/vocabulary/2018/oeev#PestAttack,rchapuis,Ustilago maydis infection,2017-09-18T12:00:00+01:00,http://aims.fao.org/aos/agrovoc/c_34724
http://www.phenome-fppn.fr/diaphen/2017/o17000356,2017-09-11T12:00:00+01:00,http://www.phenome-fppn.fr/vocabulary/2018/oeev#PestAttack,rchapuis,Ustilago maydis infection,2017-09-18T12:00:00+01:00,http://aims.fao.org/aos/agrovoc/c_34724
http://www.phenome-fppn.fr/diaphen/2017/o17000361,2017-09-11T12:00:00+01:00,http://www.phenome-fppn.fr/vocabulary/2018/oeev#PestAttack,rchapuis,Ustilago maydis infection,2017-09-18T12:00:00+01:00,http://aims.fao.org/aos/agrovoc/c_34724
http://www.phenome-fppn.fr/diaphen/2017/o17000363,2017-09-11T12:00:00+01:00,http://www.phenome-fppn.fr/vocabulary/2018/oeev#PestAttack,rchapuis,Ustilago maydis infection,2017-09-18T12:00:00+01:00,http://aims.fao.org/aos/agrovoc/c_34724
http://www.phenome-fppn.fr/diaphen/2017/o17000364,2017-09-11T12:00:00+01:00,http://www.phenome-fppn.fr/vocabulary/2018/oeev#PestAttack,rchapuis,Ustilago maydis infection,2017-09-18T12:00:00+01:00,http://aims.fao.org/aos/agrovoc/c_34724
http://www.phenome-fppn.fr/diaphen/2017/o17000365,2017-09-11T12:00:00+01:00,http://www.phenome-fppn.fr/vocabulary/2018/oeev#PestAttack,rchapuis,Ustilago maydis infection,2017-09-18T12:00:00+01:00,http://aims.fao.org/aos/agrovoc/c_34724
http://www.phenome-fppn.fr/diaphen/2017/o17000369,2017-09-11T12:00:00+01:00,http://www.phenome-fppn.fr/vocabulary/2018/oeev#PestAttack,rchapuis,Ustilago maydis infection,2017-09-18T12:00:00+01:00,http://aims.fao.org/aos/agrovoc/c_34724
http://www.phenome-fppn.fr/diaphen/2017/o17000373,2017-09-11T12:00:00+01:00,http://www.phenome-fppn.fr/vocabulary/2018/oeev#PestAttack,rchapuis,Ustilago maydis infection,2017-09-18T12:00:00+01:00,http://aims.fao.org/aos/agrovoc/c_34724
http://www.phenome-fppn.fr/diaphen/2017/o17000374,2017-09-11T12:00:00+01:00,http://www.phenome-fppn.fr/vocabulary/2018/oeev#PestAttack,rchapuis,Ustilago maydis infection,2017-09-18T12:00:00+01:00,http://aims.fao.org/aos/agrovoc/c_34724
http://www.phenome-fppn.fr/diaphen/2017/o17000375,2017-09-11T12:00:00+01:00,http://www.phenome-fppn.fr/vocabulary/2018/oeev#PestAttack,rchapuis,Ustilago maydis infection,2017-09-18T12:00:00+01:00,http://aims.fao.org/aos/agrovoc/c_34724
http://www.phenome-fppn.fr/diaphen/2017/o17000380,2017-09-11T12:00:00+01:00,http://www.phenome-fppn.fr/vocabulary/2018/oeev#PestAttack,rchapuis,Ustilago maydis infection,2017-09-18T12:00:00+01:00,http://aims.fao.org/aos/agrovoc/c_34724
http://www.phenome-fppn.fr/diaphen/2017/o17000385,2017-09-11T12:00:00+01:00,http://www.phenome-fppn.fr/vocabulary/2018/oeev#PestAttack,rchapuis,Ustilago maydis infection,2017-09-18T12:00:00+01:00,http://aims.fao.org/aos/agrovoc/c_34724
http://www.phenome-fppn.fr/diaphen/2017/o17000389,2017-09-11T12:00:00+01:00,http://www.phenome-fppn.fr/vocabulary/2018/oeev#PestAttack,rchapuis,Ustilago maydis infection,2017-09-18T12:00:00+01:00,http://aims.fao.org/aos/agrovoc/c_34724
